<ActionStruct xmlns:xsi="http://www.w3.org/2001/XMLSchema-instance" xmlns:xsd="http://www.w3.org/2001/XMLSchema"><Steps><StepStruct><ID>1</ID><VBScript>Browser("Advantage Shopping").Page("Advantage Shopping").Link("UserMenu").Click</VBScript><HighlightID>10000000</HighlightID><Snapshot>.\Snapshots\ssf1.html</Snapshot></StepStruct><StepStruct><ID>22</ID><VBScript>Wait 1</VBScript><HighlightID/><Snapshot/></StepStruct><StepStruct><ID>2</ID><VBScript>Browser("Advantage Shopping").Page("Advantage Shopping").Link("CREATE NEW ACCOUNT").Click</VBScript><HighlightID>10000000</HighlightID><Snapshot>.\Snapshots\ssf2.html</Snapshot></StepStruct><StepStruct><ID>23</ID><VBScript>Wait 1</VBScript><HighlightID/><Snapshot/></StepStruct><StepStruct><ID>3</ID><VBScript>Browser("Advantage Shopping").Page("Advantage Shopping").WebElement("Username").Click</VBScript><HighlightID>10000000</HighlightID><Snapshot>.\Snapshots\ssf3.html</Snapshot></StepStruct><StepStruct><ID>24</ID><VBScript>Wait 1</VBScript><HighlightID/><Snapshot/></StepStruct><StepStruct><ID>4</ID><VBScript>Browser("Advantage Shopping").Page("Advantage Shopping").WebEdit("usernameRegisterPage").Set Parameter("username")</VBScript><HighlightID>10000000</HighlightID><Snapshot>.\Snapshots\ssf4.html</Snapshot></StepStruct><StepStruct><ID>5</ID><VBScript>Browser("Advantage Shopping").Page("Advantage Shopping").WebEdit("emailRegisterPage").Set Parameter("email")</VBScript><HighlightID>10000000</HighlightID><Snapshot>.\Snapshots\ssf5.html</Snapshot></StepStruct><StepStruct><ID>6</ID><VBScript>Browser("Advantage Shopping").Page("Advantage Shopping").WebEdit("passwordRegisterPage").Set Parameter("password")</VBScript><HighlightID>10000000</HighlightID><Snapshot>.\Snapshots\ssf6.html</Snapshot></StepStruct><StepStruct><ID>7</ID><VBScript>Browser("Advantage Shopping").Page("Advantage Shopping").WebEdit("confirm_passwordRegisterPage").Set Parameter("password")</VBScript><HighlightID>10000000</HighlightID><Snapshot>.\Snapshots\ssf7.html</Snapshot></StepStruct><StepStruct><ID>8</ID><VBScript>Browser("Advantage Shopping").Page("Advantage Shopping").WebEdit("first_nameRegisterPage").Set Parameter("first_name")</VBScript><HighlightID>10000000</HighlightID><Snapshot>.\Snapshots\ssf8.html</Snapshot></StepStruct><StepStruct><ID>9</ID><VBScript>Browser("Advantage Shopping").Page("Advantage Shopping").WebEdit("last_nameRegisterPage").Set Parameter("last_name")</VBScript><HighlightID>10000000</HighlightID><Snapshot>.\Snapshots\ssf9.html</Snapshot></StepStruct><StepStruct><ID>10</ID><VBScript>Browser("Advantage Shopping").Page("Advantage Shopping").WebCheckBox("allowOffersPromotion").Set "OFF"</VBScript><HighlightID>10000000</HighlightID><Snapshot>.\Snapshots\ssf10.html</Snapshot></StepStruct><StepStruct><ID>11</ID><VBScript>Browser("Advantage Shopping").Page("Advantage Shopping").WebCheckBox("i_agree").Set "ON"</VBScript><HighlightID>10000000</HighlightID><Snapshot>.\Snapshots\ssf11.html</Snapshot></StepStruct><StepStruct><ID>12</ID><VBScript>Browser("Advantage Shopping").Page("Advantage Shopping").WebButton("register_btnundefined").Click</VBScript><HighlightID>10000000</HighlightID><Snapshot>.\Snapshots\ssf12.html</Snapshot></StepStruct><StepStruct><ID>20</ID><VBScript>Wait 3</VBScript><HighlightID/><Snapshot/></StepStruct><StepStruct><ID>13</ID><VBScript>Browser("Advantage Shopping").Page("Advantage Shopping").Sync</VBScript><HighlightID/><Snapshot/></StepStruct><StepStruct><ID>14</ID><VBScript>Browser("Advantage Shopping").Back</VBScript><HighlightID>328964</HighlightID><Snapshot>.\Snapshots\ssf13.png</Snapshot></StepStruct><StepStruct><ID>15</ID><VBScript>Browser("Advantage Shopping").Page("Advantage Shopping").Link("UserMenu_2").Click</VBScript><HighlightID>10000000</HighlightID><Snapshot>.\Snapshots\ssf14.html</Snapshot></StepStruct><StepStruct><ID>16</ID><VBScript>Browser("Advantage Shopping").Page("Advantage Shopping").Link("My account").Click</VBScript><HighlightID>10000000</HighlightID><Snapshot>.\Snapshots\ssf15.html</Snapshot></StepStruct><StepStruct><ID>17</ID><VBScript>Browser("Advantage Shopping").Page("Advantage Shopping").WebElement("Voornaam Achternaam").Output CheckPoint("Full_Name")</VBScript><HighlightID/><Snapshot/></StepStruct><StepStruct><ID>18</ID><VBScript>Browser("Advantage Shopping").Page("Advantage Shopping").Link("UserMenu_2").Click</VBScript><HighlightID>10000000</HighlightID><Snapshot>.\Snapshots\ssf16.html</Snapshot></StepStruct><StepStruct><ID>19</ID><VBScript>Browser("Advantage Shopping").Page("Advantage Shopping").Link("Sign out").Click</VBScript><HighlightID>10000000</HighlightID><Snapshot>.\Snapshots\ssf17.html</Snapshot></StepStruct><StepStruct><ID>21</ID><VBScript>Wait 3</VBScript><HighlightID/><Snapshot/></StepStruct></Steps><Parameters><ParamStruct><Name>url</Name><Direction>Input</Direction><Type>String</Type><DefaultValueString/></ParamStruct><ParamStruct><Name>username</Name><Direction>Input</Direction><Type>String</Type><DefaultValueString/></ParamStruct><ParamStruct><Name>password</Name><Direction>Input</Direction><Type>String</Type><DefaultValueString/></ParamStruct><ParamStruct><Name>first_name</Name><Direction>Input</Direction><Type>String</Type><DefaultValueString/></ParamStruct><ParamStruct><Name>last_name</Name><Direction>Input</Direction><Type>String</Type><DefaultValueString/></ParamStruct><ParamStruct><Name>email</Name><Direction>Input</Direction><Type>String</Type><DefaultValueString/></ParamStruct><ParamStruct><Name>Full_Name</Name><Direction>Output</Direction><Type>String</Type><DefaultValueString>${Full_Name}</DefaultValueString></ParamStruct></Parameters></ActionStruct>