<ActionStruct xmlns:xsi="http://www.w3.org/2001/XMLSchema-instance" xmlns:xsd="http://www.w3.org/2001/XMLSchema"><Steps><StepStruct><ID>1</ID><VBScript>Browser("Advantage Shopping").Page("Advantage Shopping").Link("CONTACT US").Click</VBScript><HighlightID>10000000</HighlightID><Snapshot>.\Snapshots\ssf1.html</Snapshot></StepStruct><StepStruct><ID>2</ID><VBScript>Browser("Advantage Shopping").Page("Advantage Shopping").WebList("categoryListboxContactUs").Select Parameter("category")</VBScript><HighlightID>10000000</HighlightID><Snapshot>.\Snapshots\ssf2.html</Snapshot></StepStruct><StepStruct><ID>3</ID><VBScript>Browser("Advantage Shopping").Page("Advantage Shopping").WebList("productListboxContactUs").Select Parameter("product")</VBScript><HighlightID>10000000</HighlightID><Snapshot>.\Snapshots\ssf3.html</Snapshot></StepStruct><StepStruct><ID>4</ID><VBScript>Browser("Advantage Shopping").Page("Advantage Shopping").WebEdit("emailContactUs").Set Parameter("email")</VBScript><HighlightID>10000000</HighlightID><Snapshot>.\Snapshots\ssf4.html</Snapshot></StepStruct><StepStruct><ID>5</ID><VBScript>Browser("Advantage Shopping").Page("Advantage Shopping").WebEdit("subjectTextareaContactUs").Set Parameter("subject")</VBScript><HighlightID>10000000</HighlightID><Snapshot>.\Snapshots\ssf5.html</Snapshot></StepStruct><StepStruct><ID>6</ID><VBScript>Browser("Advantage Shopping").Page("Advantage Shopping").WebButton("send_btnundefined").Click</VBScript><HighlightID>10000000</HighlightID><Snapshot>.\Snapshots\ssf6.html</Snapshot></StepStruct><StepStruct><ID>7</ID><VBScript>Browser("Advantage Shopping").Page("Advantage Shopping").WebElement("Thank you for contacting").Output CheckPoint("send_status")</VBScript><HighlightID/><Snapshot/></StepStruct></Steps><Parameters><ParamStruct><Name>category</Name><Direction>Input</Direction><Type>String</Type><DefaultValueString>Laptops</DefaultValueString></ParamStruct><ParamStruct><Name>product</Name><Direction>Input</Direction><Type>String</Type><DefaultValueString>HP Pavilion 15z Laptop</DefaultValueString></ParamStruct><ParamStruct><Name>email</Name><Direction>Input</Direction><Type>String</Type><DefaultValueString>fred@advantage.inc</DefaultValueString></ParamStruct><ParamStruct><Name>subject</Name><Direction>Input</Direction><Type>String</Type><DefaultValueString>Is this bluetooth?</DefaultValueString></ParamStruct><ParamStruct><Name>send_status</Name><Direction>Output</Direction><Type>String</Type><DefaultValueString>${send_status}</DefaultValueString></ParamStruct></Parameters></ActionStruct>